date,home_team,away_team,home_score,away_score
2015-12-30,North Carolina,Clemson,80,69
2015-12-30,Pittsburgh,Syracuse,72,61
2016-01-02,Boston College,Duke,64,81
2016-01-02,Clemson,Florida State,84,75
2016-01-02,Miami (FL),Syracuse,64,51
2016-01-02,North Carolina,Georgia Tech,86,78
2016-01-02,Virginia,Notre Dame,77,66
2016-01-02,Virginia Tech,NC State,73,68
2016-01-03,Louisville,Wake Forest,65,57
2016-01-04,Virginia Tech,Virginia,70,68
2016-01-04,Florida State,North Carolina,90,106
2016-01-05,Syracuse,Clemson,73,74
2016-01-06,Pittsburgh,Georgia Tech,89,84
2016-01-06,Wake Forest,Duke,75,91
2016-01-07,Boston College,Notre Dame,54,82
2016-01-07,NC State,Louisville,72,77
2016-01-09,Notre Dame,Pittsburgh,82,86
2016-01-09,Duke,Virginia Tech,82,58
2016-01-09,Georgia Tech,Virginia,68,64
2016-01-09,Miami (FL),Florida State,72,59
2016-01-09,Syracuse,North Carolina,73,84
2016-01-10,Wake Forest,NC State,77,74
2016-01-10,Clemson,Louisville,66,62
2016-01-12,Virginia,Miami (FL),66,58
2016-01-13,Clemson,Duke,68,63
2016-01-13,NC State,Florida State,78,85
2016-01-13,Notre Dame,Georgia Tech,72,64
2016-01-13,Syracuse,Boston College,62,40
2016-01-13,Virginia Tech,Wake Forest,93,91
2016-01-14,Louisville,Pittsburgh,59,41
2016-01-16,North Carolina,NC State,67,55
2016-01-16,Wake Forest,Syracuse,55,83
2016-01-16,Pittsburgh,Boston College,84,61
2016-01-16,Georgia Tech,Virginia Tech,77,78
2016-01-16,Duke,Notre Dame,91,95
2016-01-16,Clemson,Miami (FL),76,65
2016-01-17,Florida State,Virginia,69,62
2016-01-18,Duke,Syracuse,62,64
2016-01-19,Pittsburgh,NC State,61,78
2016-01-19,Virginia,Clemson,69,62
2016-01-20,Boston College,Miami (FL),53,67
2016-01-20,Louisville,Florida State,84,65
2016-01-20,North Carolina,Wake Forest,83,68
2016-01-20,Notre Dame,Virginia Tech,83,81
2016-01-23,NC State,Duke,78,88
2016-01-23,Miami (FL),Wake Forest,77,63
2016-01-23,Notre Dame,Boston College,76,49
2016-01-23,Florida State,Pittsburgh,72,74
2016-01-23,Georgia Tech,Louisville,71,75
2016-01-24,Virginia,Syracuse,73,65
2016-01-24,Virginia Tech,North Carolina,70,75
2016-01-25,Miami (FL),Duke,80,69
2016-01-26,Boston College,Florida State,62,72
2016-01-26,Wake Forest,Virginia,71,72
2016-01-27,Clemson,Pittsburgh,73,60
2016-01-27,NC State,Georgia Tech,83,90
2016-01-27,Virginia Tech,Louisville,83,91
2016-01-28,Syracuse,Notre Dame,81,66
2016-01-30,Syracuse,Georgia Tech,60,57
2016-01-30,North Carolina,Boston College,89,62
2016-01-30,Florida State,Clemson,76,65
2016-01-30,Louisville,Virginia,47,63
2016-01-30,NC State,Miami (FL),85,69
2016-01-31,Notre Dame,Wake Forest,85,62
2016-01-31,Pittsburgh,Virginia Tech,90,71
2016-02-01,Florida State,NC State,77,73
2016-02-01,Louisville,North Carolina,71,65
2016-02-02,Syracuse,Virginia Tech,68,60
2016-02-02,Georgia Tech,Duke,71,80
2016-02-02,Wake Forest,Clemson,62,76
2016-02-03,Virginia,Boston College,61,47
2016-02-03,Miami (FL),Notre Dame,79,70
2016-02-06,Duke,NC State,88,80
2016-02-06,Louisville,Boston College,79,47
2016-02-06,Notre Dame,North Carolina,80,76
2016-02-06,Pittsburgh,Virginia,50,64
2016-02-06,Virginia Tech,Clemson,60,57
2016-02-06,Wake Forest,Florida State,71,91
2016-02-07,Georgia Tech,Miami (FL),68,75
2016-02-08,Clemson,Notre Dame,83,89
2016-02-08,Duke,Louisville,72,65
2016-02-09,Virginia,Virginia Tech,67,49
2016-02-09,Miami (FL),Pittsburgh,65,63
2016-02-09,Boston College,North Carolina,65,68
2016-02-10,Georgia Tech,Wake Forest,71,66
2016-02-11,Syracuse,Florida State,85,72
2016-02-13,Clemson,Georgia Tech,66,52
2016-02-13,Duke,Virginia,63,62
2016-02-13,NC State,Wake Forest,99,88
2016-02-13,Notre Dame,Louisville,71,66
2016-02-14,Boston College,Syracuse,61,75
2016-02-14,Florida State,Miami (FL),65,67
2016-02-14,North Carolina,Pittsburgh,85,64
2016-02-15,Virginia,NC State,73,53
2016-02-16,Pittsburgh,Wake Forest,101,96
2016-02-17,North Carolina,Duke,73,74
2016-02-17,Miami (FL),Virginia Tech,65,49
2016-02-17,Florida State,Georgia Tech,80,86
2016-02-17,Louisville,Syracuse,72,58
2016-02-17,Clemson,Boston College,65,54
2016-02-20,Georgia Tech,Notre Dame,63,62
2016-02-20,Louisville,Duke,71,64
2016-02-20,NC State,Clemson,77,74
2016-02-20,North Carolina,Miami (FL),96,71
2016-02-20,Syracuse,Pittsburgh,52,66
2016-02-20,Virginia Tech,Florida State,83,73
2016-02-21,Wake Forest,Boston College,74,48
2016-02-22,Miami (FL),Virginia,64,61
2016-02-23,Georgia Tech,Clemson,75,73
2016-02-23,Boston College,Virginia Tech,56,71
2016-02-24,NC State,North Carolina,68,80
2016-02-24,Pittsburgh,Louisville,60,67
2016-02-24,Wake Forest,Notre Dame,58,69
2016-02-25,Duke,Florida State,80,65
2016-02-27,Boston College,Georgia Tech,71,76
2016-02-27,Florida State,Notre Dame,77,56
2016-02-27,Miami (FL),Louisville,73,65
2016-02-27,Syracuse,NC State,75,66
2016-02-27,Virginia,North Carolina,79,74
2016-02-28,Pittsburgh,Duke,76,62
2016-02-28,Wake Forest,Virginia Tech,74,81
2016-02-29,North Carolina,Syracuse,75,70
2016-03-01,Clemson,Virginia,57,64
2016-03-01,Duke,Wake Forest,79,71
2016-03-01,Louisville,Georgia Tech,56,53
2016-03-02,NC State,Boston College,73,72
2016-03-02,Notre Dame,Miami (FL),50,68
2016-03-02,Virginia Tech,Pittsburgh,65,61
2016-03-05,Virginia Tech,Miami (FL),77,62
2016-03-05,Notre Dame,NC State,89,75
2016-03-05,Georgia Tech,Pittsburgh,63,59
2016-03-05,Virginia,Louisville,68,46
2016-03-05,Duke,North Carolina,72,76
2016-03-05,Boston College,Clemson,50,66
2016-03-05,Florida State,Syracuse,78,73
2016-03-08,Florida State,Boston College,88,66
2016-03-08,NC State,Wake Forest,75,72
2016-03-09,Clemson,Georgia Tech,85,88
2016-03-09,Duke,NC State,92,89
2016-03-09,Pittsburgh,Syracuse,72,71
2016-03-09,Virginia Tech,Florida State,96,85
2016-03-10,Miami (FL),Virginia Tech,88,82
2016-03-10,North Carolina,Pittsburgh,88,71
2016-03-10,Notre Dame,Duke,84,79
2016-03-10,Virginia,Georgia Tech,72,52
2016-03-11,Virginia,Miami (FL),73,68
2016-03-11,North Carolina,Notre Dame,78,47
2016-03-12,North Carolina,Virginia,61,57
2016-12-28,Florida State,Wake Forest,88,72
2016-12-28,Louisville,Virginia,53,61
2016-12-31,Georgia Tech,North Carolina,75,63
2016-12-31,Miami (FL),NC State,81,63
2016-12-31,Pittsburgh,Notre Dame,77,78
2016-12-31,Virginia,Florida State,58,60
2016-12-31,Virginia Tech,Duke,89,75
2016-12-31,Wake Forest,Clemson,68,73
2017-01-01,Boston College,Syracuse,96,81
2017-01-03,Wake Forest,Boston College,79,66
2017-01-03,Clemson,North Carolina,86,89
2017-01-04,Duke,Georgia Tech,110,57
2017-01-04,NC State,Virginia Tech,104,78
2017-01-04,Notre Dame,Louisville,77,70
2017-01-04,Pittsburgh,Virginia,88,76
2017-01-04,Syracuse,Miami (FL),70,55
2017-01-07,Syracuse,Pittsburgh,77,66
2017-01-07,Duke,Boston College,93,82
2017-01-07,Florida State,Virginia Tech,93,78
2017-01-07,Georgia Tech,Louisville,50,65
2017-01-07,Notre Dame,Clemson,75,70
2017-01-08,Virginia,Wake Forest,79,62
2017-01-08,North Carolina,NC State,107,56
2017-01-10,Florida State,Duke,88,72
2017-01-10,Virginia Tech,Syracuse,83,73
2017-01-11,Boston College,NC State,74,66
2017-01-11,Louisville,Pittsburgh,85,80
2017-01-11,Wake Forest,North Carolina,87,93
2017-01-12,Georgia Tech,Clemson,75,63
2017-01-12,Miami (FL),Notre Dame,62,67
2017-01-14,Virginia Tech,Notre Dame,71,76
2017-01-14,Syracuse,Boston College,76,53
2017-01-14,Pittsburgh,Miami (FL),46,72
2017-01-14,Louisville,Duke,78,69
2017-01-14,Clemson,Virginia,73,77
2017-01-14,North Carolina,Florida State,96,83
2017-01-15,NC State,Georgia Tech,76,86
2017-01-16,North Carolina,Syracuse,85,68
2017-01-17,NC State,Pittsburgh,79,74
2017-01-18,Wake Forest,Miami (FL),96,79
2017-01-18,Boston College,Virginia,54,71
2017-01-18,Florida State,Notre Dame,83,80
2017-01-18,Virginia Tech,Georgia Tech,62,61
2017-01-19,Louisville,Clemson,92,60
2017-01-21,Virginia,Georgia Tech,62,49
2017-01-21,Notre Dame,Syracuse,84,66
2017-01-21,NC State,Wake Forest,88,93
2017-01-21,Florida State,Louisville,73,68
2017-01-21,Duke,Miami (FL),70,58
2017-01-21,Boston College,North Carolina,82,90
2017-01-22,Clemson,Virginia Tech,81,82
2017-01-23,Duke,NC State,82,84
2017-01-24,Notre Dame,Virginia,54,71
2017-01-24,Pittsburgh,Louisville,51,106
2017-01-24,Syracuse,Wake Forest,81,76
2017-01-25,Georgia Tech,Florida State,78,56
2017-01-25,Miami (FL),Boston College,78,77
2017-01-26,North Carolina,Virginia Tech,91,72
2017-01-28,Georgia Tech,Notre Dame,62,60
2017-01-28,Miami (FL),North Carolina,77,62
2017-01-28,Pittsburgh,Clemson,60,67
2017-01-28,Syracuse,Florida State,82,72
2017-01-28,Wake Forest,Duke,83,85
2017-01-29,Louisville,NC State,85,60
2017-01-29,Virginia Tech,Boston College,85,79
2017-01-30,Notre Dame,Duke,74,84
2017-01-31,Boston College,Wake Forest,80,85
2017-01-31,North Carolina,Pittsburgh,80,78
2017-02-01,Virginia,Virginia Tech,71,48
2017-02-01,NC State,Syracuse,93,100
2017-02-01,Clemson,Georgia Tech,74,62
2017-02-01,Miami (FL),Florida State,57,75
2017-02-04,Boston College,Louisville,67,90
2017-02-04,Duke,Pittsburgh,72,64
2017-02-04,NC State,Miami (FL),79,84
2017-02-04,Syracuse,Virginia,66,62
2017-02-04,Wake Forest,Georgia Tech,81,69
2017-02-05,Florida State,Clemson,109,61
2017-02-05,North Carolina,Notre Dame,83,76
2017-02-06,Virginia,Louisville,71,55
2017-02-07,Notre Dame,Wake Forest,88,81
2017-02-07,Clemson,Syracuse,81,82
2017-02-08,Miami (FL),Virginia Tech,74,68
2017-02-08,Boston College,Pittsburgh,72,83
2017-02-08,Florida State,NC State,95,71
2017-02-09,Duke,North Carolina,86,78
2017-02-11,Wake Forest,NC State,88,58
2017-02-11,Duke,Clemson,64,62
2017-02-11,Georgia Tech,Boston College,65,54
2017-02-11,Louisville,Miami (FL),71,66
2017-02-11,Notre Dame,Florida State,84,72
2017-02-11,Pittsburgh,Syracuse,80,75
2017-02-12,Virginia Tech,Virginia,80,78
2017-02-13,Syracuse,Louisville,72,76
2017-02-14,Pittsburgh,Virginia Tech,63,66
2017-02-14,Clemson,Wake Forest,95,83
2017-02-14,Boston College,Notre Dame,76,84
2017-02-15,Miami (FL),Georgia Tech,70,61
2017-02-15,NC State,North Carolina,73,97
2017-02-15,Virginia,Duke,55,65
2017-02-18,Duke,Wake Forest,99,94
2017-02-18,Louisville,Virginia Tech,94,90
2017-02-18,Miami (FL),Clemson,71,65
2017-02-18,NC State,Notre Dame,72,81
2017-02-18,North Carolina,Virginia,65,41
2017-02-18,Pittsburgh,Florida State,80,66
2017-02-19,Georgia Tech,Syracuse,71,65
2017-02-20,Virginia,Miami (FL),48,54
2017-02-20,Florida State,Boston College,104,72
2017-02-21,Georgia Tech,NC State,69,71
2017-02-21,Virginia Tech,Clemson,71,70
2017-02-22,North Carolina,Louisville,74,63
2017-02-22,Syracuse,Duke,78,75
2017-02-22,Wake Forest,Pittsburgh,63,59
2017-02-25,Boston College,Virginia Tech,75,91
2017-02-25,Clemson,Florida State,74,76
2017-02-25,Miami (FL),Duke,55,50
2017-02-25,NC State,Virginia,55,70
2017-02-25,Pittsburgh,North Carolina,67,85
2017-02-26,Notre Dame,Georgia Tech,64,60
2017-02-26,Louisville,Syracuse,88,68
2017-02-27,Virginia,North Carolina,53,43
2017-02-27,Virginia Tech,Miami (FL),66,61
2017-02-28,Duke,Florida State,75,70
2017-02-28,Georgia Tech,Pittsburgh,61,52
2017-03-01,Clemson,NC State,78,74
2017-03-01,Notre Dame,Boston College,82,66
2017-03-01,Wake Forest,Louisville,88,81
2017-03-04,Virginia Tech,Wake Forest,84,89
2017-03-04,Virginia,Pittsburgh,67,42
2017-03-04,North Carolina,Duke,90,83
2017-03-04,Syracuse,Georgia Tech,90,61
2017-03-04,Florida State,Miami (FL),66,57
2017-03-04,Clemson,Boston College,82,68
2017-03-04,Louisville,Notre Dame,71,64
2017-03-07,Clemson,NC State,75,61
2017-03-07,Georgia Tech,Pittsburgh,59,61
2017-03-07,Wake Forest,Boston College,92,78
2017-03-08,Duke,Clemson,79,72
2017-03-08,Syracuse,Miami (FL),57,62
2017-03-08,Virginia,Pittsburgh,75,63
2017-03-08,Virginia Tech,Wake Forest,99,90
2017-03-09,Notre Dame,Virginia,71,58
2017-03-09,North Carolina,Miami (FL),78,53
2017-03-09,Louisville,Duke,77,81
2017-03-09,Florida State,Virginia Tech,74,68
2017-03-10,Florida State,Notre Dame,73,77
2017-03-10,North Carolina,Duke,83,93
2017-03-11,Notre Dame,Duke,69,75
2017-12-09,Boston College,Duke,89,84
2017-12-30,Pittsburgh,Miami (FL),53,67
2017-12-30,Notre Dame,Georgia Tech,68,59
2017-12-30,Virginia,Boston College,59,58
2017-12-30,Duke,Florida State,100,93
2017-12-30,Clemson,NC State,78,62
2017-12-30,North Carolina,Wake Forest,73,69
2017-12-31,Syracuse,Virginia Tech,68,56
2018-01-02,Louisville,Pittsburgh,77,51
2018-01-03,Boston College,Clemson,70,74
2018-01-03,Florida State,North Carolina,81,80
2018-01-03,Georgia Tech,Miami (FL),64,54
2018-01-03,Notre Dame,NC State,88,58
2018-01-03,Virginia Tech,Virginia,52,78
2018-01-03,Wake Forest,Syracuse,73,67
2018-01-06,Virginia,North Carolina,61,49
2018-01-06,Syracuse,Notre Dame,49,51
2018-01-06,Virginia Tech,Pittsburgh,81,67
2018-01-06,Clemson,Louisville,74,69
2018-01-06,Boston College,Wake Forest,77,71
2018-01-06,NC State,Duke,96,85
2018-01-07,Miami (FL),Florida State,80,74
2018-01-09,North Carolina,Boston College,96,66
2018-01-09,Virginia,Syracuse,68,61
2018-01-10,Florida State,Louisville,69,73
2018-01-10,Georgia Tech,Notre Dame,60,53
2018-01-10,Pittsburgh,Duke,52,87
2018-01-10,Wake Forest,Virginia Tech,75,83
2018-01-11,NC State,Clemson,78,77
2018-01-13,Pittsburgh,Georgia Tech,54,69
2018-01-13,Notre Dame,North Carolina,68,69
2018-01-13,Louisville,Virginia Tech,94,86
2018-01-13,Florida State,Syracuse,101,90
2018-01-13,Clemson,Miami (FL),72,63
2018-01-13,Duke,Wake Forest,89,71
2018-01-14,Virginia,NC State,68,51
2018-01-15,Boston College,Florida State,81,75
2018-01-15,Miami (FL),Duke,75,83
2018-01-16,North Carolina,Clemson,87,79
2018-01-16,Notre Dame,Louisville,78,82
2018-01-16,Syracuse,Pittsburgh,59,45
2018-01-18,Georgia Tech,Virginia,48,64
2018-01-18,NC State,Wake Forest,72,63
2018-01-20,Virginia Tech,Florida State,82,91
2018-01-20,North Carolina,Georgia Tech,80,66
2018-01-20,Clemson,Notre Dame,67,58
2018-01-20,Duke,Pittsburgh,81,54
2018-01-21,Louisville,Boston College,77,69
2018-01-21,NC State,Miami (FL),81,86
2018-01-21,Wake Forest,Virginia,49,59
2018-01-22,Virginia Tech,North Carolina,80,69
2018-01-23,Virginia,Clemson,61,36
2018-01-23,Wake Forest,Duke,70,84
2018-01-24,Florida State,Georgia Tech,88,77
2018-01-24,Miami (FL),Louisville,78,75
2018-01-24,Pittsburgh,NC State,68,72
2018-01-24,Syracuse,Boston College,81,63
2018-01-27,Pittsburgh,Syracuse,55,60
2018-01-27,Notre Dame,Virginia Tech,75,80
2018-01-27,North Carolina,NC State,91,95
2018-01-27,Duke,Virginia,63,65
2018-01-27,Florida State,Miami (FL),103,94
2018-01-27,Louisville,Wake Forest,96,77
2018-01-28,Georgia Tech,Clemson,70,72
2018-01-29,Duke,Notre Dame,88,66
2018-01-30,Clemson,North Carolina,82,78
2018-01-31,Virginia,Louisville,74,64
2018-01-31,Wake Forest,Florida State,76,72
2018-01-31,Miami (FL),Pittsburgh,69,57
2018-01-31,Boston College,Virginia Tech,80,85
2018-01-31,Georgia Tech,Syracuse,55,51
2018-02-03,Louisville,Florida State,76,80
2018-02-03,NC State,Notre Dame,76,58
2018-02-03,North Carolina,Pittsburgh,96,65
2018-02-03,Syracuse,Virginia,44,59
2018-02-03,Virginia Tech,Miami (FL),75,84
2018-02-03,Wake Forest,Clemson,67,75
2018-02-04,Boston College,Georgia Tech,80,72
2018-02-05,Louisville,Syracuse,73,78
2018-02-06,Notre Dame,Boston College,96,85
2018-02-07,Florida State,Virginia,55,59
2018-02-07,Miami (FL),Wake Forest,87,81
2018-02-07,Virginia Tech,NC State,85,75
2018-02-08,Louisville,Georgia Tech,77,54
2018-02-08,North Carolina,Duke,82,78
2018-02-08,Clemson,Pittsburgh,72,48
2018-02-10,Notre Dame,Florida State,84,69
2018-02-10,Virginia,Virginia Tech,60,61
2018-02-10,Boston College,Miami (FL),72,70
2018-02-10,NC State,North Carolina,89,96
2018-02-11,Pittsburgh,Louisville,60,94
2018-02-11,Syracuse,Wake Forest,78,70
2018-02-11,Georgia Tech,Duke,69,80
2018-02-12,North Carolina,Notre Dame,83,66
2018-02-13,Pittsburgh,Boston College,58,81
2018-02-13,Miami (FL),Virginia,50,59
2018-02-14,Duke,Virginia Tech,74,52
2018-02-14,Florida State,Clemson,81,79
2018-02-14,Syracuse,NC State,70,74
2018-02-14,Wake Forest,Georgia Tech,79,62
2018-02-17,Wake Forest,NC State,84,90
2018-02-17,Boston College,Notre Dame,67,84
2018-02-17,Georgia Tech,Virginia Tech,56,76
2018-02-17,Louisville,North Carolina,76,93
2018-02-17,Miami (FL),Syracuse,55,62
2018-02-18,Florida State,Pittsburgh,88,75
2018-02-18,Clemson,Duke,57,66
2018-02-19,Notre Dame,Miami (FL),74,77
2018-02-20,NC State,Boston College,82,66
2018-02-21,Duke,Louisville,82,56
2018-02-21,Pittsburgh,Wake Forest,57,63
2018-02-21,Syracuse,North Carolina,74,78
2018-02-21,Virginia,Georgia Tech,65,54
2018-02-21,Virginia Tech,Clemson,65,58
2018-02-24,Wake Forest,Notre Dame,71,76
2018-02-24,Pittsburgh,Virginia,37,66
2018-02-24,Virginia Tech,Louisville,68,75
2018-02-24,Duke,Syracuse,60,44
2018-02-24,Clemson,Georgia Tech,75,67
2018-02-24,Miami (FL),Boston College,79,78
2018-02-25,NC State,Florida State,92,72
2018-02-26,Virginia Tech,Duke,64,63
2018-02-27,North Carolina,Miami (FL),88,91
2018-02-28,Boston College,Syracuse,85,70
2018-02-28,Clemson,Florida State,76,63
2018-02-28,Notre Dame,Pittsburgh,73,56
2018-03-01,Georgia Tech,NC State,78,75
2018-03-01,Louisville,Virginia,66,67
2018-03-03,Virginia,Notre Dame,62,57
2018-03-03,Syracuse,Clemson,55,52
2018-03-03,NC State,Louisville,76,69
2018-03-03,Florida State,Boston College,85,76
2018-03-03,Georgia Tech,Wake Forest,64,56
2018-03-03,Duke,North Carolina,74,64
2018-03-03,Miami (FL),Virginia Tech,69,68
2018-03-06,Boston College,Georgia Tech,87,77
2018-03-06,Notre Dame,Pittsburgh,67,64
2018-03-06,Syracuse,Wake Forest,73,64
2018-03-07,North Carolina,Syracuse,78,59
2018-03-07,Florida State,Louisville,74,82
2018-03-07,NC State,Boston College,87,91
2018-03-07,Virginia Tech,Notre Dame,65,71
2018-03-08,Virginia,Louisville,75,58
2018-03-08,Miami (FL),North Carolina,65,82
2018-03-08,Duke,Notre Dame,88,70
2018-03-08,Clemson,Boston College,90,82
2018-03-09,Duke,North Carolina,69,74
2018-03-09,Virginia,Clemson,64,58
2018-03-10,Virginia,North Carolina,71,63
2019-01-01,Virginia Tech,Notre Dame,81,66
2019-01-03,Miami (FL),NC State,82,87
2019-01-05,Virginia,Florida State,65,52
2019-01-05,Pittsburgh,North Carolina,60,85
2019-01-05,Virginia Tech,Boston College,77,66
2019-01-05,Georgia Tech,Wake Forest,92,79
2019-01-05,Duke,Clemson,87,68
2019-01-05,Notre Dame,Syracuse,62,72
2019-01-06,Louisville,Miami (FL),90,73
2019-01-08,NC State,North Carolina,82,90
2019-01-08,Wake Forest,Duke,65,87
2019-01-09,Boston College,Virginia,56,83
2019-01-09,Florida State,Miami (FL),68,62
2019-01-09,Georgia Tech,Virginia Tech,49,52
2019-01-09,Pittsburgh,Louisville,89,86
2019-01-09,Syracuse,Clemson,61,53
2019-01-12,Notre Dame,Boston College,69,66
2019-01-12,Syracuse,Georgia Tech,59,73
2019-01-12,North Carolina,Louisville,62,83
2019-01-12,NC State,Pittsburgh,86,80
2019-01-12,Miami (FL),Wake Forest,76,65
2019-01-12,Florida State,Duke,78,80
2019-01-12,Clemson,Virginia,43,63
2019-01-14,Duke,Syracuse,91,95
2019-01-14,Pittsburgh,Florida State,75,62
2019-01-15,North Carolina,Notre Dame,75,69
2019-01-15,Virginia,Virginia Tech,81,59
2019-01-15,Wake Forest,NC State,71,67
2019-01-16,Clemson,Georgia Tech,72,60
2019-01-16,Louisville,Boston College,80,70
2019-01-19,Virginia Tech,Wake Forest,87,71
2019-01-19,Syracuse,Pittsburgh,74,63
2019-01-19,Notre Dame,NC State,73,77
2019-01-19,Georgia Tech,Louisville,51,79
2019-01-19,Duke,Virginia,72,70
2019-01-19,Miami (FL),North Carolina,76,85
2019-01-20,Boston College,Florida State,87,82
2019-01-21,North Carolina,Virginia Tech,103,82
2019-01-22,Virginia,Wake Forest,68,45
2019-01-22,Florida State,Clemson,77,68
2019-01-22,Georgia Tech,Notre Dame,63,61
2019-01-22,Pittsburgh,Duke,64,79
2019-01-24,Syracuse,Miami (FL),73,53
2019-01-24,Louisville,NC State,84,77
2019-01-26,Virginia Tech,Syracuse,78,56
2019-01-26,Wake Forest,Boston College,61,65
2019-01-26,Notre Dame,Virginia,55,82
2019-01-26,Duke,Georgia Tech,66,53
2019-01-26,Louisville,Pittsburgh,66,51
2019-01-26,NC State,Clemson,69,67
2019-01-27,Miami (FL),Florida State,66,78
2019-01-28,Notre Dame,Duke,61,83
2019-01-29,Clemson,Pittsburgh,82,69
2019-01-29,Georgia Tech,North Carolina,54,77
2019-01-29,NC State,Virginia,65,66
2019-01-30,Boston College,Syracuse,71,77
2019-01-30,Miami (FL),Virginia Tech,70,82
2019-01-30,Wake Forest,Louisville,54,82
2019-02-02,Virginia,Miami (FL),56,46
2019-02-02,Pittsburgh,Syracuse,56,65
2019-02-02,NC State,Virginia Tech,24,47
2019-02-02,Florida State,Georgia Tech,59,49
2019-02-02,Boston College,Notre Dame,73,79
2019-02-02,Louisville,North Carolina,69,79
2019-02-03,Clemson,Wake Forest,64,37
2019-02-04,Virginia Tech,Louisville,64,72
2019-02-05,Wake Forest,Pittsburgh,78,76
2019-02-05,Duke,Boston College,80,55
2019-02-05,North Carolina,NC State,113,96
2019-02-05,Syracuse,Florida State,62,80
2019-02-06,Miami (FL),Notre Dame,62,47
2019-02-06,Georgia Tech,Clemson,42,65
2019-02-09,Clemson,Virginia Tech,59,51
2019-02-09,Florida State,Louisville,80,75
2019-02-09,North Carolina,Miami (FL),88,85
2019-02-09,Pittsburgh,NC State,76,79
2019-02-09,Syracuse,Boston College,67,56
2019-02-09,Virginia,Duke,71,81
2019-02-10,Notre Dame,Georgia Tech,69,59
2019-02-11,North Carolina,Virginia,61,69
2019-02-12,Boston College,Pittsburgh,66,57
2019-02-12,Louisville,Duke,69,71
2019-02-13,Virginia Tech,Georgia Tech,76,68
2019-02-13,NC State,Syracuse,73,58
2019-02-13,Florida State,Wake Forest,88,66
2019-02-13,Miami (FL),Clemson,65,64
2019-02-16,Wake Forest,North Carolina,57,95
2019-02-16,Duke,NC State,94,78
2019-02-16,Georgia Tech,Florida State,47,69
2019-02-16,Louisville,Clemson,56,55
2019-02-16,Pittsburgh,Virginia Tech,64,70
2019-02-16,Virginia,Notre Dame,60,54
2019-02-17,Boston College,Miami (FL),64,57
2019-02-18,Virginia Tech,Virginia,58,64
2019-02-19,Clemson,Florida State,64,77
2019-02-19,Notre Dame,Wake Forest,68,75
2019-02-20,Duke,North Carolina,72,88
2019-02-20,Georgia Tech,Pittsburgh,73,65
2019-02-20,NC State,Boston College,89,80
2019-02-20,Syracuse,Louisville,69,49
2019-02-23,Syracuse,Duke,65,75
2019-02-23,North Carolina,Florida State,77,59
2019-02-23,Notre Dame,Virginia Tech,59,67
2019-02-23,Louisville,Virginia,52,64
2019-02-23,Clemson,Boston College,76,66
2019-02-23,Miami (FL),Georgia Tech,80,65
2019-02-24,NC State,Wake Forest,94,74
2019-02-25,Florida State,Notre Dame,68,61
2019-02-26,North Carolina,Syracuse,93,85
2019-02-26,Virginia Tech,Duke,77,72
2019-02-26,Wake Forest,Miami (FL),76,75
2019-02-27,Boston College,Louisville,66,59
2019-02-27,Pittsburgh,Clemson,48,62
2019-02-27,Virginia,Georgia Tech,81,51
2019-03-02,Wake Forest,Syracuse,54,79
2019-03-02,Virginia,Pittsburgh,73,49
2019-03-02,Florida State,NC State,78,73
2019-03-02,Duke,Miami (FL),87,57
2019-03-02,Clemson,North Carolina,79,81
2019-03-03,Georgia Tech,Boston College,81,78
2019-03-03,Louisville,Notre Dame,75,61
2019-03-04,Syracuse,Virginia,53,79
2019-03-05,Boston College,North Carolina,66,79
2019-03-05,Duke,Wake Forest,71,70
2019-03-05,Florida State,Virginia Tech,73,64
2019-03-05,Miami (FL),Pittsburgh,76,63
2019-03-06,Notre Dame,Clemson,62,64
2019-03-06,NC State,Georgia Tech,61,63
2019-03-08,Virginia Tech,Miami (FL),84,70
2019-03-09,Boston College,NC State,47,73
2019-03-09,Clemson,Syracuse,67,55
2019-03-09,North Carolina,Duke,79,70
2019-03-09,Pittsburgh,Notre Dame,56,53
2019-03-09,Virginia,Louisville,73,68
2019-03-09,Wake Forest,Florida State,57,65
2019-03-12,Miami (FL),Wake Forest,79,71
2019-03-12,Boston College,Pittsburgh,70,80
2019-03-12,Georgia Tech,Notre Dame,71,78
2019-03-13,Syracuse,Pittsburgh,73,59
2019-03-13,Virginia Tech,Miami (FL),71,56
2019-03-13,Louisville,Notre Dame,75,53
2019-03-13,NC State,Clemson,59,58
2019-03-14,Virginia,NC State,76,56
2019-03-14,North Carolina,Louisville,83,70
2019-03-14,Duke,Syracuse,84,72
2019-03-14,Florida State,Virginia Tech,65,63
2019-03-15,North Carolina,Duke,73,74
2019-03-15,Virginia,Florida State,59,69
2019-03-16,Duke,Florida State,73,63
2019-11-05,Clemson,Virginia Tech,60,67
2019-11-05,Miami (FL),Louisville,74,87
2019-11-05,NC State,Georgia Tech,81,82
2019-11-06,Boston College,Wake Forest,77,70
2019-11-06,North Carolina,Notre Dame,76,65
2019-11-06,Pittsburgh,Florida State,63,61
2019-11-06,Syracuse,Virginia,34,48
2019-12-06,Virginia Tech,Duke,63,77
2019-12-06,Louisville,Pittsburgh,64,46
2019-12-07,Georgia Tech,Syracuse,63,97
2019-12-07,Notre Dame,Boston College,72,73
2019-12-07,Wake Forest,NC State,82,91
2019-12-08,Florida State,Clemson,72,53
2019-12-08,Virginia,North Carolina,56,47
2019-12-31,Clemson,Miami (FL),68,73
2019-12-31,Duke,Boston College,88,49
2019-12-31,Florida State,Georgia Tech,70,58
2020-01-04,Virginia,Virginia Tech,65,39
2020-01-04,Syracuse,Notre Dame,87,88
2020-01-04,Pittsburgh,Wake Forest,65,69
2020-01-04,Miami (FL),Duke,62,95
2020-01-04,Louisville,Florida State,65,78
2020-01-04,Clemson,NC State,81,70
2020-01-04,North Carolina,Georgia Tech,83,96
2020-01-07,Boston College,Virginia,60,53
2020-01-07,Louisville,Miami (FL),74,58
2020-01-07,Syracuse,Virginia Tech,63,67
2020-01-08,Wake Forest,Florida State,68,78
2020-01-08,Georgia Tech,Duke,64,73
2020-01-08,NC State,Notre Dame,73,68
2020-01-08,North Carolina,Pittsburgh,65,73
2020-01-11,Virginia Tech,NC State,72,58
2020-01-11,Virginia,Syracuse,55,63
2020-01-11,Notre Dame,Louisville,64,67
2020-01-11,Boston College,Georgia Tech,52,71
2020-01-11,Duke,Wake Forest,90,59
2020-01-11,North Carolina,Clemson,76,79
2020-01-12,Miami (FL),Pittsburgh,66,58
2020-01-14,Pittsburgh,Louisville,68,73
2020-01-14,Clemson,Duke,79,72
2020-01-14,Wake Forest,Virginia Tech,70,80
2020-01-15,Syracuse,Boston College,76,50
2020-01-15,NC State,Miami (FL),80,63
2020-01-15,Georgia Tech,Notre Dame,74,78
2020-01-15,Florida State,Virginia,54,50
2020-01-18,Duke,Louisville,73,79
2020-01-18,Georgia Tech,Virginia,58,63
2020-01-18,Miami (FL),Florida State,79,83
2020-01-18,NC State,Clemson,60,54
2020-01-18,Pittsburgh,North Carolina,66,52
2020-01-18,Virginia Tech,Syracuse,69,71
2020-01-19,Wake Forest,Boston College,80,62
2020-01-20,Virginia,NC State,51,53
2020-01-21,Duke,Miami (FL),89,59
2020-01-21,Clemson,Wake Forest,71,68
2020-01-22,Louisville,Georgia Tech,68,64
2020-01-22,Notre Dame,Syracuse,82,84
2020-01-22,Pittsburgh,Boston College,74,72
2020-01-22,Virginia Tech,North Carolina,79,77
2020-01-25,Syracuse,Pittsburgh,69,61
2020-01-25,Boston College,Virginia Tech,61,56
2020-01-25,Florida State,Notre Dame,85,84
2020-01-25,Georgia Tech,NC State,64,58
2020-01-25,Louisville,Clemson,80,62
2020-01-25,North Carolina,Miami (FL),94,71
2020-01-26,Wake Forest,Virginia,63,65
2020-01-27,NC State,North Carolina,65,75
2020-01-28,Clemson,Syracuse,71,70
2020-01-28,Duke,Pittsburgh,79,67
2020-01-28,Miami (FL),Virginia Tech,71,61
2020-01-28,Virginia,Florida State,61,56
2020-01-29,Boston College,Louisville,69,86
2020-01-29,Notre Dame,Wake Forest,90,80
2020-02-01,Wake Forest,Clemson,56,44
2020-02-01,Syracuse,Duke,88,97
2020-02-01,Virginia Tech,Florida State,63,74
2020-02-01,North Carolina,Boston College,70,71
2020-02-01,NC State,Louisville,57,77
2020-02-01,Notre Dame,Georgia Tech,80,72
2020-02-02,Pittsburgh,Miami (FL),62,57
2020-02-03,Florida State,North Carolina,65,59
2020-02-04,Boston College,Duke,55,63
2020-02-04,Georgia Tech,Virginia Tech,76,57
2020-02-05,Louisville,Wake Forest,86,76
2020-02-05,Miami (FL),NC State,72,83
2020-02-05,Notre Dame,Pittsburgh,80,72
2020-02-05,Virginia,Clemson,51,44
2020-02-08,Virginia Tech,Boston College,73,77
2020-02-08,Syracuse,Wake Forest,75,73
2020-02-08,Pittsburgh,Georgia Tech,73,64
2020-02-08,North Carolina,Duke,96,98
2020-02-08,Louisville,Virginia,80,73
2020-02-08,Florida State,Miami (FL),99,81
2020-02-09,Clemson,Notre Dame,57,61
2020-02-10,Duke,Florida State,70,65
2020-02-11,Syracuse,NC State,74,79
2020-02-11,Virginia,Notre Dame,50,49
2020-02-11,Wake Forest,North Carolina,74,57
2020-02-12,Miami (FL),Boston College,85,58
2020-02-12,Pittsburgh,Clemson,52,72
2020-02-12,Georgia Tech,Louisville,64,58
2020-02-15,Clemson,Louisville,77,62
2020-02-15,Duke,Notre Dame,94,60
2020-02-15,Florida State,Syracuse,80,77
2020-02-15,Miami (FL),Wake Forest,71,54
2020-02-15,North Carolina,Virginia,62,64
2020-02-15,Virginia Tech,Pittsburgh,67,57
2020-02-16,Boston College,NC State,71,68
2020-02-17,Notre Dame,North Carolina,77,76
2020-02-18,Florida State,Pittsburgh,82,67
2020-02-19,Wake Forest,Georgia Tech,79,86
2020-02-19,Virginia,Boston College,78,65
2020-02-19,Virginia Tech,Miami (FL),95,102
2020-02-19,Louisville,Syracuse,90,66
2020-02-19,NC State,Duke,88,66
2020-02-22,Boston College,Clemson,64,82
2020-02-22,Duke,Virginia Tech,88,64
2020-02-22,Louisville,North Carolina,72,55
2020-02-22,NC State,Florida State,61,67
2020-02-22,Pittsburgh,Virginia,56,59
2020-02-22,Syracuse,Georgia Tech,79,72
2020-02-23,Notre Dame,Miami (FL),87,71
2020-02-24,Florida State,Louisville,82,67
2020-02-25,Wake Forest,Duke,113,101
2020-02-25,Georgia Tech,Clemson,68,59
2020-02-25,North Carolina,NC State,85,79
2020-02-26,Boston College,Notre Dame,61,62
2020-02-26,Pittsburgh,Syracuse,49,72
2020-02-26,Virginia Tech,Virginia,53,56
2020-02-29,Virginia,Duke,52,50
2020-02-29,Clemson,Florida State,70,69
2020-02-29,Georgia Tech,Miami (FL),63,57
2020-02-29,NC State,Pittsburgh,77,73
2020-02-29,Syracuse,North Carolina,79,92
2020-02-29,Wake Forest,Notre Dame,84,73
2020-03-01,Louisville,Virginia Tech,68,52
2020-03-02,Duke,NC State,88,69
2020-03-03,North Carolina,Wake Forest,93,83
2020-03-03,Boston College,Syracuse,71,84
2020-03-04,Georgia Tech,Pittsburgh,73,57
2020-03-04,Miami (FL),Virginia,44,46
2020-03-04,Notre Dame,Florida State,71,73
2020-03-04,Virginia Tech,Clemson,70,58
2020-03-06,Clemson,Georgia Tech,62,65
2020-03-06,NC State,Wake Forest,84,64
2020-03-07,Virginia,Louisville,57,54
2020-03-07,Miami (FL),Syracuse,69,65
2020-03-07,Notre Dame,Virginia Tech,64,56
2020-03-07,Duke,North Carolina,89,76
2020-03-07,Florida State,Boston College,80,62
2020-03-10,Virginia Tech,North Carolina,56,78
2020-03-10,Wake Forest,Pittsburgh,72,81
2020-03-11,Clemson,Miami (FL),69,64
2020-03-11,NC State,Pittsburgh,73,58
2020-03-11,Notre Dame,Boston College,80,58
2020-03-11,Syracuse,North Carolina,81,53
2020-12-12,Boston College,Syracuse,63,101
2020-12-15,Florida State,Georgia Tech,74,61
2020-12-15,Virginia Tech,Clemson,66,60
2020-12-16,Notre Dame,Duke,65,75
2020-12-16,Miami (FL),Pittsburgh,55,70
2020-12-22,NC State,North Carolina,79,76
2020-12-22,Pittsburgh,Louisville,54,64
2020-12-29,Clemson,Florida State,77,67
2020-12-29,Virginia Tech,Miami (FL),80,78
2020-12-30,Georgia Tech,North Carolina,72,67
2020-12-30,NC State,Boston College,79,76
2020-12-30,Notre Dame,Virginia,57,66
2021-01-02,North Carolina,Notre Dame,66,65
2021-01-02,Miami (FL),Clemson,65,66
2021-01-02,Boston College,Louisville,64,76
2021-01-03,Georgia Tech,Wake Forest,70,54
2021-01-05,Clemson,NC State,74,70
2021-01-05,Miami (FL),North Carolina,65,67
2021-01-06,Duke,Boston College,83,82
2021-01-06,Louisville,Virginia Tech,73,71
2021-01-06,Syracuse,Pittsburgh,60,63
2021-01-06,Virginia,Wake Forest,70,61
2021-01-09,Duke,Wake Forest,79,68
2021-01-09,NC State,Miami (FL),59,64
2021-01-09,Boston College,Virginia,49,61
2021-01-10,Virginia Tech,Notre Dame,77,63
2021-01-12,North Carolina,Syracuse,81,75
2021-01-12,Boston College,Miami (FL),84,62
2021-01-12,Virginia Tech,Duke,74,67
2021-01-13,Virginia,Notre Dame,80,68
2021-01-13,Florida State,NC State,105,73
2021-01-13,Wake Forest,Louisville,65,77
2021-01-16,Pittsburgh,Syracuse,96,76
2021-01-16,Notre Dame,Boston College,80,70
2021-01-16,Florida State,North Carolina,82,75
2021-01-16,Clemson,Virginia,50,85
2021-01-16,Miami (FL),Louisville,78,72
2021-01-17,Wake Forest,Virginia Tech,60,64
2021-01-18,Louisville,Florida State,65,78
2021-01-19,Pittsburgh,Duke,79,73
2021-01-19,Syracuse,Miami (FL),83,57
2021-01-20,Georgia Tech,Clemson,83,65
2021-01-20,North Carolina,Wake Forest,80,73
2021-01-23,Virginia,Georgia Tech,64,62
2021-01-23,Wake Forest,Pittsburgh,76,75
2021-01-23,Syracuse,Virginia Tech,78,60
2021-01-23,North Carolina,NC State,86,76
2021-01-23,Louisville,Duke,70,65
2021-01-23,Florida State,Clemson,80,61
2021-01-24,Miami (FL),Notre Dame,59,73
2021-01-25,Virginia,Syracuse,81,58
2021-01-26,Duke,Georgia Tech,75,68
2021-01-26,Pittsburgh,North Carolina,65,75
2021-01-27,Clemson,Louisville,54,50
2021-01-27,Florida State,Miami (FL),81,59
2021-01-27,NC State,Wake Forest,72,67
2021-01-27,Notre Dame,Virginia Tech,51,62
2021-01-30,Georgia Tech,Florida State,76,65
2021-01-30,Wake Forest,Miami (FL),66,54
2021-01-30,Virginia Tech,Virginia,65,51
2021-01-30,Duke,Clemson,79,53
2021-01-30,Pittsburgh,Notre Dame,58,84
2021-01-31,Syracuse,NC State,76,73
2021-02-01,Louisville,Georgia Tech,74,58
2021-02-01,Miami (FL),Duke,77,75
2021-02-02,Clemson,North Carolina,63,50
2021-02-02,Notre Dame,Wake Forest,79,58
2021-02-03,NC State,Virginia,57,64
2021-02-03,Pittsburgh,Virginia Tech,83,72
2021-02-06,Clemson,Syracuse,78,61
2021-02-06,Boston College,NC State,65,81
2021-02-06,Duke,North Carolina,87,91
2021-02-06,Georgia Tech,Notre Dame,82,80
2021-02-06,Miami (FL),Virginia Tech,76,80
2021-02-06,Virginia,Pittsburgh,73,66
2021-02-09,Duke,Notre Dame,89,93
2021-02-09,NC State,Syracuse,68,77
2021-02-10,Georgia Tech,Virginia,49,57
2021-02-10,Boston College,Wake Forest,65,69
2021-02-12,Clemson,Georgia Tech,74,72
2021-02-13,Virginia,North Carolina,60,48
2021-02-13,Syracuse,Boston College,75,67
2021-02-13,NC State,Duke,53,69
2021-02-13,Florida State,Wake Forest,92,85
2021-02-14,Georgia Tech,Pittsburgh,71,65
2021-02-14,Notre Dame,Miami (FL),71,61
2021-02-15,Florida State,Virginia,81,60
2021-02-17,Pittsburgh,NC State,73,74
2021-02-17,Wake Forest,Duke,60,84
2021-02-20,Wake Forest,NC State,62,80
2021-02-20,Syracuse,Notre Dame,75,67
2021-02-20,Pittsburgh,Florida State,72,79
2021-02-20,Miami (FL),Georgia Tech,60,87
2021-02-20,Duke,Virginia,66,65
2021-02-20,North Carolina,Louisville,99,54
2021-02-22,Duke,Syracuse,85,71
2021-02-23,Louisville,Notre Dame,69,57
2021-02-23,Virginia Tech,Georgia Tech,53,69
2021-02-24,Miami (FL),Florida State,71,88
2021-02-24,Virginia,NC State,61,68
2021-02-24,Wake Forest,Clemson,39,60
2021-02-27,Virginia Tech,Wake Forest,84,46
2021-02-27,Georgia Tech,Syracuse,84,77
2021-02-27,North Carolina,Florida State,78,70
2021-02-27,Clemson,Miami (FL),66,58
2021-02-27,Duke,Louisville,73,80
2021-02-27,Boston College,Notre Dame,94,90
2021-02-28,NC State,Pittsburgh,65,62
2021-03-01,Syracuse,North Carolina,72,70
2021-03-01,Virginia,Miami (FL),62,51
2021-03-02,Georgia Tech,Duke,81,77
2021-03-02,Pittsburgh,Wake Forest,70,57
2021-03-03,Florida State,Boston College,93,64
2021-03-03,Notre Dame,NC State,69,80
2021-03-03,Syracuse,Clemson,64,54
2021-03-05,Wake Forest,Georgia Tech,63,75
2021-03-05,Miami (FL),Boston College,80,76
2021-03-06,Clemson,Pittsburgh,77,62
2021-03-06,Louisville,Virginia,58,68
2021-03-06,North Carolina,Duke,91,73
2021-03-06,Notre Dame,Florida State,83,73
2021-03-09,Duke,Boston College,86,51
2021-03-09,Notre Dame,Wake Forest,80,77
2021-03-09,Pittsburgh,Miami (FL),73,79
2021-03-10,Syracuse,NC State,89,68
2021-03-10,Clemson,Miami (FL),64,67
2021-03-10,Louisville,Duke,56,70
2021-03-10,North Carolina,Notre Dame,101,59
2021-03-11,Virginia,Syracuse,72,69
2021-03-11,Virginia Tech,North Carolina,73,81
2021-03-11,Georgia Tech,Miami (FL),70,66
2021-03-12,Florida State,North Carolina,69,66
2021-03-13,Florida State,Georgia Tech,75,80
2021-12-03,Boston College,Notre Dame,73,57
2021-12-03,Virginia,Pittsburgh,57,56
2021-12-04,Florida State,Syracuse,60,63
2021-12-04,Miami (FL),Clemson,80,75
2021-12-04,NC State,Louisville,68,73
2021-12-04,Virginia Tech,Wake Forest,61,80
2021-12-05,Georgia Tech,North Carolina,62,79
2021-12-22,Duke,Virginia Tech,76,65
2021-12-22,Virginia,Clemson,50,67
2021-12-28,Pittsburgh,Notre Dame,67,68
2021-12-29,Miami (FL),NC State,91,83
2021-12-29,Louisville,Wake Forest,73,69
2022-01-01,Miami (FL),Wake Forest,92,84
2022-01-01,NC State,Florida State,81,83
2022-01-01,Syracuse,Virginia,69,74
2022-01-02,Boston College,North Carolina,65,91
2022-01-02,Georgia Tech,Louisville,64,67
2022-01-04,Clemson,Virginia,65,75
2022-01-04,Duke,Georgia Tech,69,57
2022-01-04,Virginia Tech,NC State,63,68
2022-01-04,Wake Forest,Florida State,76,54
2022-01-05,Notre Dame,North Carolina,78,73
2022-01-05,Miami (FL),Syracuse,88,87
2022-01-05,Louisville,Pittsburgh,75,72
2022-01-08,Duke,Miami (FL),74,76
2022-01-08,Florida State,Louisville,79,70
2022-01-08,Georgia Tech,Notre Dame,68,72
2022-01-08,NC State,Clemson,65,70
2022-01-08,North Carolina,Virginia,74,58
2022-01-08,Pittsburgh,Boston College,69,67
2022-01-08,Wake Forest,Syracuse,77,74
2022-01-11,Florida State,Miami (FL),65,64
2022-01-11,Syracuse,Pittsburgh,77,61
2022-01-12,Wake Forest,Duke,64,76
2022-01-12,Virginia,Virginia Tech,54,52
2022-01-12,Louisville,NC State,63,79
2022-01-12,Boston College,Georgia Tech,76,81
2022-01-12,Notre Dame,Clemson,72,56
2022-01-15,Virginia Tech,Notre Dame,79,73
2022-01-15,Clemson,Boston College,68,70
2022-01-15,Duke,NC State,88,73
2022-01-15,North Carolina,Georgia Tech,88,65
2022-01-15,Pittsburgh,Louisville,65,53
2022-01-15,Syracuse,Florida State,71,76
2022-01-15,Virginia,Wake Forest,55,63
2022-01-18,Syracuse,Clemson,91,78
2022-01-18,Miami (FL),North Carolina,85,57
2022-01-18,Florida State,Duke,79,78
2022-01-19,Georgia Tech,Wake Forest,64,80
2022-01-19,Louisville,Boston College,67,54
2022-01-19,NC State,Virginia Tech,59,62
2022-01-19,Pittsburgh,Virginia,61,66
2022-01-22,NC State,Virginia,77,63
2022-01-22,Miami (FL),Florida State,60,61
2022-01-22,Louisville,Notre Dame,70,82
2022-01-22,Wake Forest,North Carolina,98,76
2022-01-22,Clemson,Pittsburgh,75,48
2022-01-22,Boston College,Virginia Tech,68,63
2022-01-22,Duke,Syracuse,79,59
2022-01-24,North Carolina,Virginia Tech,78,68
2022-01-24,Virginia,Louisville,64,52
2022-01-24,Wake Forest,Boston College,87,57
2022-01-25,Duke,Clemson,71,69
2022-01-25,Pittsburgh,Syracuse,64,53
2022-01-26,Georgia Tech,Florida State,75,61
2022-01-26,North Carolina,Boston College,58,47
2022-01-26,Notre Dame,NC State,73,65
2022-01-26,Virginia Tech,Miami (FL),75,78
2022-01-29,Notre Dame,Virginia,69,65
2022-01-29,Syracuse,Wake Forest,94,72
2022-01-29,North Carolina,NC State,100,80
2022-01-29,Louisville,Duke,65,74
2022-01-29,Georgia Tech,Miami (FL),62,73
2022-01-29,Florida State,Virginia Tech,72,85
2022-01-30,Boston College,Pittsburgh,69,56
2022-01-31,Notre Dame,Duke,43,57
2022-02-01,Louisville,North Carolina,83,90
2022-02-01,Virginia,Boston College,67,55
2022-02-02,Virginia Tech,Georgia Tech,81,66
2022-02-02,NC State,Syracuse,82,89
2022-02-02,Wake Forest,Pittsburgh,91,75
2022-02-02,Clemson,Florida State,75,69
2022-02-02,Miami (FL),Notre Dame,64,68
2022-02-05,Florida State,Wake Forest,60,68
2022-02-05,Georgia Tech,Clemson,69,64
2022-02-05,NC State,Notre Dame,57,69
2022-02-05,North Carolina,Duke,67,87
2022-02-05,Pittsburgh,Virginia Tech,71,76
2022-02-05,Syracuse,Louisville,92,69
2022-02-05,Virginia,Miami (FL),71,58
2022-02-07,Duke,Virginia,68,69
2022-02-07,Virginia Tech,Pittsburgh,74,47
2022-02-08,Boston College,Syracuse,64,73
2022-02-08,Clemson,North Carolina,77,79
2022-02-09,Miami (FL),Georgia Tech,79,70
2022-02-09,NC State,Wake Forest,51,69
2022-02-09,Florida State,Pittsburgh,51,56
2022-02-09,Notre Dame,Louisville,63,57
2022-02-10,Clemson,Duke,64,82
2022-02-12,Boston College,Duke,61,72
2022-02-12,Clemson,Notre Dame,61,76
2022-02-12,North Carolina,Florida State,94,74
2022-02-12,Pittsburgh,NC State,71,69
2022-02-12,Virginia,Georgia Tech,63,53
2022-02-12,Virginia Tech,Syracuse,71,59
2022-02-12,Wake Forest,Miami (FL),72,76
2022-02-14,Virginia Tech,Virginia,62,53
2022-02-15,Florida State,Clemson,81,80
2022-02-15,Georgia Tech,NC State,61,76
2022-02-15,Duke,Wake Forest,76,74
2022-02-16,Louisville,Miami (FL),63,70
2022-02-16,North Carolina,Pittsburgh,67,76
2022-02-16,Notre Dame,Boston College,99,95
2022-02-19,Wake Forest,Notre Dame,79,74
2022-02-19,Duke,Florida State,88,70
2022-02-19,Louisville,Clemson,70,61
2022-02-19,Miami (FL),Virginia,71,74
2022-02-19,Pittsburgh,Georgia Tech,62,68
2022-02-19,Syracuse,Boston College,76,56
2022-02-19,Virginia Tech,North Carolina,57,65
2022-02-21,North Carolina,Louisville,70,63
2022-02-21,Syracuse,Georgia Tech,74,73
2022-02-21,Boston College,Florida State,71,55
2022-02-22,Pittsburgh,Miami (FL),64,85
2022-02-23,Clemson,Wake Forest,80,69
2022-02-23,Georgia Tech,Virginia Tech,58,62
2022-02-23,NC State,Boston College,61,69
2022-02-23,Notre Dame,Syracuse,79,69
2022-02-23,Virginia,Duke,61,65
2022-02-26,Syracuse,Duke,72,97
2022-02-26,Wake Forest,Louisville,99,77
2022-02-26,Virginia,Florida State,63,64
2022-02-26,Notre Dame,Georgia Tech,90,56
2022-02-26,NC State,North Carolina,74,84
2022-02-26,Miami (FL),Virginia Tech,70,71
2022-02-26,Boston College,Clemson,60,70
2022-02-28,North Carolina,Syracuse,88,79
2022-03-01,Pittsburgh,Duke,56,86
2022-03-01,Virginia Tech,Louisville,75,43
2022-03-02,Boston College,Miami (FL),70,81
2022-03-02,Clemson,Georgia Tech,68,65
2022-03-02,Florida State,Notre Dame,74,70
2022-03-02,Wake Forest,NC State,101,76
2022-03-05,Notre Dame,Pittsburgh,78,54
2022-03-05,Syracuse,Miami (FL),72,75
2022-03-05,Louisville,Virginia,61,71
2022-03-05,Florida State,NC State,89,76
2022-03-05,Georgia Tech,Boston College,82,78
2022-03-05,Duke,North Carolina,81,94
2022-03-05,Clemson,Virginia Tech,63,59
2022-03-08,Clemson,NC State,70,64
2022-03-08,Louisville,Georgia Tech,84,74
2022-03-08,Pittsburgh,Boston College,46,66
2022-03-09,Florida State,Syracuse,57,96
2022-03-09,Virginia,Louisville,51,50
2022-03-09,Virginia Tech,Clemson,76,75
2022-03-09,Wake Forest,Boston College,77,82
2022-03-10,Notre Dame,Virginia Tech,80,87
2022-03-10,North Carolina,Virginia,63,43
2022-03-10,Miami (FL),Boston College,71,69
2022-03-10,Duke,Syracuse,88,79
2022-03-11,Duke,Miami (FL),80,76
2022-03-11,North Carolina,Virginia Tech,59,72
2022-03-12,Duke,Virginia Tech,67,82
2022-12-02,Clemson,Wake Forest,77,57
2022-12-02,NC State,Pittsburgh,60,68
2022-12-03,Duke,Boston College,75,59
2022-12-03,Virginia,Florida State,62,57
2022-12-03,Notre Dame,Syracuse,61,62
2022-12-04,Virginia Tech,North Carolina,80,72
2022-12-04,Louisville,Miami (FL),53,80
2022-12-10,Florida State,Louisville,75,53
2022-12-10,Miami (FL),NC State,80,73
2022-12-10,North Carolina,Georgia Tech,75,59
2022-12-20,Miami (FL),Virginia,66,64
2022-12-20,Syracuse,Pittsburgh,82,84
2022-12-20,Wake Forest,Duke,81,70
2022-12-21,Florida State,Notre Dame,73,72
2022-12-21,Georgia Tech,Clemson,66,79
2022-12-21,Boston College,Virginia Tech,70,65
2022-12-22,NC State,Louisville,76,64
2022-12-30,Clemson,NC State,78,64
2022-12-30,Notre Dame,Miami (FL),65,76
2022-12-30,Pittsburgh,North Carolina,76,74
2022-12-31,Wake Forest,Virginia Tech,77,75
2022-12-31,Duke,Florida State,86,67
2022-12-31,Georgia Tech,Virginia,56,74
2022-12-31,Syracuse,Boston College,79,65
2023-01-03,Louisville,Syracuse,69,70
2023-01-03,Pittsburgh,Virginia,68,65
2023-01-03,Boston College,Notre Dame,70,63
2023-01-04,North Carolina,Wake Forest,88,79
2023-01-04,Virginia Tech,Clemson,65,68
2023-01-04,Georgia Tech,Miami (FL),76,70
2023-01-04,NC State,Duke,84,60
2023-01-07,Boston College,Duke,64,65
2023-01-07,Florida State,Georgia Tech,75,64
2023-01-07,Louisville,Wake Forest,72,80
2023-01-07,North Carolina,Notre Dame,81,64
2023-01-07,Pittsburgh,Clemson,74,75
2023-01-07,Virginia,Syracuse,73,66
2023-01-07,Virginia Tech,NC State,69,73
2023-01-10,Notre Dame,Georgia Tech,73,72
2023-01-10,Virginia,North Carolina,65,58
2023-01-11,Wake Forest,Florida State,90,75
2023-01-11,Syracuse,Virginia Tech,82,72
2023-01-11,Clemson,Louisville,83,70
2023-01-11,Duke,Pittsburgh,77,69
2023-01-11,Miami (FL),Boston College,88,72
2023-01-14,NC State,Miami (FL),83,81
2023-01-14,Boston College,Wake Forest,63,85
2023-01-14,Clemson,Duke,72,64
2023-01-14,Florida State,Virginia,58,67
2023-01-14,Georgia Tech,Pittsburgh,60,71
2023-01-14,Louisville,North Carolina,59,80
2023-01-14,Syracuse,Notre Dame,78,73
2023-01-16,Miami (FL),Syracuse,82,78
2023-01-17,Georgia Tech,NC State,66,78
2023-01-17,North Carolina,Boston College,72,64
2023-01-17,Notre Dame,Florida State,71,84
2023-01-17,Wake Forest,Clemson,87,77
2023-01-18,Louisville,Pittsburgh,54,75
2023-01-18,Virginia,Virginia Tech,78,68
2023-01-21,Wake Forest,Virginia,67,76
2023-01-21,Notre Dame,Boston College,72,84
2023-01-21,North Carolina,NC State,80,69
2023-01-21,Pittsburgh,Florida State,64,71
2023-01-21,Duke,Miami (FL),68,66
2023-01-21,Clemson,Virginia Tech,51,50
2023-01-21,Georgia Tech,Syracuse,63,80
2023-01-23,Virginia Tech,Duke,78,75
2023-01-24,Clemson,Georgia Tech,72,51
2023-01-24,Florida State,Miami (FL),63,86
2023-01-24,NC State,Notre Dame,85,82
2023-01-24,Syracuse,North Carolina,68,72
2023-01-25,Boston College,Louisville,75,65
2023-01-25,Pittsburgh,Wake Forest,81,79
2023-01-28,Wake Forest,NC State,77,79
2023-01-28,Virginia Tech,Syracuse,85,70
2023-01-28,Pittsburgh,Miami (FL),71,68
2023-01-28,Virginia,Boston College,76,57
2023-01-28,Georgia Tech,Duke,43,86
2023-01-28,Florida State,Clemson,81,82
2023-01-28,Notre Dame,Louisville,76,62
2023-01-30,Syracuse,Virginia,62,67
2023-01-31,Boston College,Clemson,62,54
2023-01-31,Duke,Wake Forest,75,73
2023-01-31,Miami (FL),Virginia Tech,92,83
2023-02-01,Louisville,Georgia Tech,68,58
2023-02-01,NC State,Florida State,94,66
2023-02-01,North Carolina,Pittsburgh,64,65
2023-02-04,Virginia Tech,Virginia,74,68
2023-02-04,Notre Dame,Wake Forest,64,81
2023-02-04,NC State,Georgia Tech,72,64
2023-02-04,Louisville,Florida State,78,81
2023-02-04,Duke,North Carolina,63,57
2023-02-04,Clemson,Miami (FL),74,78
2023-02-04,Boston College,Syracuse,68,77
2023-02-06,Miami (FL),Duke,81,59
2023-02-07,Pittsburgh,Louisville,91,57
2023-02-07,Virginia,NC State,63,50
2023-02-07,Wake Forest,North Carolina,92,85
2023-02-08,Florida State,Syracuse,67,76
2023-02-08,Georgia Tech,Notre Dame,70,68
2023-02-08,Virginia Tech,Boston College,76,82
2023-02-11,Wake Forest,Georgia Tech,71,70
2023-02-11,Virginia,Duke,69,62
2023-02-11,Notre Dame,Virginia Tech,87,93
2023-02-11,Boston College,NC State,62,92
2023-02-11,Miami (FL),Louisville,93,85
2023-02-11,Florida State,Pittsburgh,75,83
2023-02-11,North Carolina,Clemson,91,71
2023-02-13,North Carolina,Miami (FL),72,80
2023-02-14,Duke,Notre Dame,68,64
2023-02-14,Pittsburgh,Boston College,77,58
2023-02-14,Syracuse,NC State,75,72
2023-02-15,Clemson,Florida State,94,54
2023-02-15,Georgia Tech,Virginia Tech,77,70
2023-02-15,Louisville,Virginia,58,61
2023-02-18,Virginia Tech,Pittsburgh,79,72
2023-02-18,Virginia,Notre Dame,57,55
2023-02-18,Syracuse,Duke,55,77
2023-02-18,Florida State,Boston College,69,75
2023-02-18,Louisville,Clemson,83,73
2023-02-18,Miami (FL),Wake Forest,96,87
2023-02-19,NC State,North Carolina,77,69
2023-02-20,Duke,Louisville,79,62
2023-02-21,Virginia Tech,Miami (FL),70,76
2023-02-21,Pittsburgh,Georgia Tech,76,68
2023-02-22,NC State,Wake Forest,90,74
2023-02-22,Notre Dame,North Carolina,59,63
2023-02-22,Boston College,Virginia,63,48
2023-02-22,Clemson,Syracuse,91,73
2023-02-25,Wake Forest,Notre Dame,66,58
2023-02-25,Pittsburgh,Syracuse,99,82
2023-02-25,North Carolina,Virginia,71,63
2023-02-25,Duke,Virginia Tech,81,65
2023-02-25,Miami (FL),Florida State,84,85
2023-02-25,NC State,Clemson,71,96
2023-02-25,Georgia Tech,Louisville,83,67
2023-02-27,Florida State,North Carolina,66,77
2023-02-28,Duke,NC State,71,67
2023-02-28,Louisville,Virginia Tech,54,71
2023-02-28,Syracuse,Georgia Tech,76,96
2023-02-28,Virginia,Clemson,64,57
2023-02-28,Wake Forest,Boston College,69,71
2023-03-01,Notre Dame,Pittsburgh,88,81
2023-03-04,Virginia Tech,Florida State,82,60
2023-03-04,Virginia,Louisville,75,60
2023-03-04,Syracuse,Wake Forest,72,63
2023-03-04,North Carolina,Duke,57,62
2023-03-04,Miami (FL),Pittsburgh,78,76
2023-03-04,Clemson,Notre Dame,87,64
2023-03-04,Boston College,Georgia Tech,65,73
2023-03-07,Boston College,Louisville,80,62
2023-03-07,Florida State,Georgia Tech,60,61
2023-03-07,Virginia Tech,Notre Dame,67,64
2023-03-08,NC State,Virginia Tech,97,77
2023-03-08,North Carolina,Boston College,85,61
2023-03-08,Pittsburgh,Georgia Tech,89,81
2023-03-08,Syracuse,Wake Forest,74,77
2023-03-09,Virginia,North Carolina,68,59
2023-03-09,Miami (FL),Wake Forest,74,72
2023-03-09,Clemson,NC State,80,54
2023-03-09,Duke,Pittsburgh,96,69
2023-03-10,Miami (FL),Duke,78,85
2023-03-10,Virginia,Clemson,76,56
2023-03-11,Virginia,Duke,49,59
2023-12-02,Boston College,NC State,78,84
2023-12-02,Georgia Tech,Duke,72,68
2023-12-02,Miami (FL),Notre Dame,62,49
2023-12-02,North Carolina,Florida State,78,70
2023-12-02,Virginia,Syracuse,84,62
2023-12-03,Pittsburgh,Clemson,70,79
2023-12-03,Virginia Tech,Louisville,75,68
2023-12-30,Wake Forest,Virginia Tech,86,63
2023-12-30,Notre Dame,Virginia,76,54
2023-12-30,Syracuse,Pittsburgh,81,73
2024-01-02,Boston College,Wake Forest,78,84
2024-01-02,Duke,Syracuse,86,66
2024-01-02,Pittsburgh,North Carolina,57,70
2024-01-03,Notre Dame,NC State,52,54
2024-01-03,Florida State,Georgia Tech,82,71
2024-01-03,Miami (FL),Clemson,95,82
2024-01-03,Virginia,Louisville,77,53
2024-01-06,Notre Dame,Duke,59,67
2024-01-06,Wake Forest,Miami (FL),86,82
2024-01-06,NC State,Virginia,76,60
2024-01-06,Florida State,Virginia Tech,77,74
2024-01-06,Georgia Tech,Boston College,87,95
2024-01-06,Clemson,North Carolina,55,65
2024-01-06,Louisville,Pittsburgh,70,83
2024-01-09,Florida State,Wake Forest,87,82
2024-01-09,Georgia Tech,Notre Dame,68,75
2024-01-09,Pittsburgh,Duke,53,75
2024-01-10,Miami (FL),Louisville,71,80
2024-01-10,NC State,North Carolina,54,67
2024-01-10,Syracuse,Boston College,69,59
2024-01-10,Virginia Tech,Clemson,87,72
2024-01-13,Wake Forest,Virginia,66,47
2024-01-13,Virginia Tech,Miami (FL),71,75
2024-01-13,Notre Dame,Florida State,58,67
2024-01-13,Louisville,NC State,83,89
2024-01-13,Duke,Georgia Tech,84,79
2024-01-13,North Carolina,Syracuse,103,67
2024-01-13,Clemson,Boston College,89,78
2024-01-15,Boston College,Notre Dame,63,59
2024-01-16,Pittsburgh,Syracuse,58,69
2024-01-16,Clemson,Georgia Tech,90,93
2024-01-16,NC State,Wake Forest,83,76
2024-01-17,Virginia,Virginia Tech,65,57
2024-01-17,North Carolina,Louisville,86,70
2024-01-17,Miami (FL),Florida State,75,84
2024-01-20,Boston College,North Carolina,66,76
2024-01-20,Duke,Pittsburgh,76,80
2024-01-20,Florida State,Clemson,67,78
2024-01-20,Georgia Tech,Virginia,66,75
2024-01-20,NC State,Virginia Tech,78,84
2024-01-20,Syracuse,Miami (FL),72,69
2024-01-20,Wake Forest,Louisville,90,65
2024-01-22,North Carolina,Wake Forest,85,64
2024-01-23,Virginia Tech,Boston College,76,71
2024-01-23,Syracuse,Florida State,69,85
2024-01-23,Louisville,Duke,69,83
2024-01-23,Georgia Tech,Pittsburgh,64,72
2024-01-24,Notre Dame,Miami (FL),61,73
2024-01-24,Virginia,NC State,59,53
2024-01-27,Notre Dame,Boston College,58,61
2024-01-27,Miami (FL),Pittsburgh,72,68
2024-01-27,Syracuse,NC State,77,65
2024-01-27,Florida State,North Carolina,68,75
2024-01-27,Duke,Clemson,72,71
2024-01-27,Louisville,Virginia,52,69
2024-01-27,Virginia Tech,Georgia Tech,91,67
2024-01-29,Virginia Tech,Duke,67,77
2024-01-30,Boston College,Syracuse,80,75
2024-01-30,Clemson,Louisville,70,64
2024-01-30,Georgia Tech,North Carolina,74,73
2024-01-30,NC State,Miami (FL),74,68
2024-01-31,Pittsburgh,Wake Forest,77,72
2024-01-31,Virginia,Notre Dame,65,53
2024-02-03,Wake Forest,Syracuse,99,70
2024-02-03,North Carolina,Duke,93,84
2024-02-03,NC State,Georgia Tech,82,76
2024-02-03,Pittsburgh,Notre Dame,70,60
2024-02-03,Louisville,Florida State,101,92
2024-02-03,Clemson,Virginia,65,66
2024-02-03,Miami (FL),Virginia Tech,82,74
2024-02-05,Virginia,Miami (FL),60,38
2024-02-06,Boston College,Florida State,62,63
2024-02-06,Georgia Tech,Wake Forest,51,80
2024-02-06,North Carolina,Clemson,76,80
2024-02-07,Duke,Notre Dame,71,53
2024-02-07,NC State,Pittsburgh,64,67
2024-02-07,Syracuse,Louisville,94,92
2024-02-10,Syracuse,Clemson,68,77
2024-02-10,Wake Forest,NC State,83,79
2024-02-10,Notre Dame,Virginia Tech,74,66
2024-02-10,Louisville,Georgia Tech,79,67
2024-02-10,Florida State,Virginia,76,80
2024-02-10,Duke,Boston College,80,65
2024-02-10,Miami (FL),North Carolina,72,75
2024-02-12,Duke,Wake Forest,77,69
2024-02-13,Boston College,Louisville,89,77
2024-02-13,Syracuse,North Carolina,86,79
2024-02-13,Virginia,Pittsburgh,63,74
2024-02-13,Virginia Tech,Florida State,83,75
2024-02-14,Notre Dame,Georgia Tech,58,55
2024-02-14,Clemson,Miami (FL),77,60
2024-02-17,Virginia,Wake Forest,49,47
2024-02-17,Pittsburgh,Louisville,86,59
2024-02-17,North Carolina,Virginia Tech,96,81
2024-02-17,Boston College,Miami (FL),85,77
2024-02-17,Florida State,Duke,67,76
2024-02-17,Clemson,NC State,77,78
2024-02-17,Georgia Tech,Syracuse,65,60
2024-02-19,Virginia Tech,Virginia,75,41
2024-02-20,NC State,Syracuse,83,87
2024-02-20,Wake Forest,Pittsburgh,91,58
2024-02-20,Florida State,Boston College,84,76
2024-02-21,Louisville,Notre Dame,50,72
2024-02-21,Miami (FL),Duke,55,84
2024-02-21,Georgia Tech,Clemson,57,81
2024-02-24,Clemson,Florida State,74,63
2024-02-24,Miami (FL),Georgia Tech,76,80
2024-02-24,NC State,Boston College,81,70
2024-02-24,Pittsburgh,Virginia Tech,79,64
2024-02-24,Syracuse,Notre Dame,88,85
2024-02-24,Virginia,North Carolina,44,54
2024-02-24,Wake Forest,Duke,83,79
2024-02-26,North Carolina,Miami (FL),75,71
2024-02-27,Notre Dame,Wake Forest,70,65
2024-02-27,Syracuse,Virginia Tech,84,71
2024-02-27,Clemson,Pittsburgh,69,62
2024-02-27,Florida State,NC State,90,83
2024-02-28,Boston College,Virginia,68,72
2024-02-28,Duke,Louisville,84,59
2024-03-02,North Carolina,NC State,79,70
2024-03-02,Notre Dame,Clemson,69,62
2024-03-02,Louisville,Syracuse,76,82
2024-03-02,Virginia Tech,Wake Forest,87,76
2024-03-02,Duke,Virginia,73,48
2024-03-02,Boston College,Pittsburgh,65,90
2024-03-02,Georgia Tech,Florida State,85,76
2024-03-04,NC State,Duke,64,79
2024-03-05,Wake Forest,Georgia Tech,69,70
2024-03-05,Pittsburgh,Florida State,88,73
2024-03-05,Clemson,Syracuse,90,75
2024-03-05,Louisville,Virginia Tech,64,80
2024-03-05,North Carolina,Notre Dame,84,51
2024-03-06,Miami (FL),Boston College,57,67
2024-03-09,Wake Forest,Clemson,81,76
2024-03-09,Virginia,Georgia Tech,72,57
2024-03-09,Pittsburgh,NC State,81,73
2024-03-09,Virginia Tech,Notre Dame,82,76
2024-03-09,Florida State,Miami (FL),83,75
2024-03-09,Duke,North Carolina,79,84
2024-03-09,Louisville,Boston College,61,67
2024-03-12,Boston College,Miami (FL),81,65
2024-03-12,NC State,Louisville,94,85
2024-03-12,Notre Dame,Georgia Tech,84,80
2024-03-13,Wake Forest,Notre Dame,72,59
2024-03-13,Clemson,Boston College,55,76
2024-03-13,Syracuse,NC State,65,83
2024-03-13,Virginia Tech,Florida State,76,86
2024-03-14,Pittsburgh,Wake Forest,81,69
2024-03-14,Virginia,Boston College,66,60
2024-03-14,Duke,NC State,69,74
2024-03-14,North Carolina,Florida State,92,67
2024-03-15,Virginia,NC State,65,73
2024-03-15,North Carolina,Pittsburgh,72,65
2024-03-16,North Carolina,NC State,76,84
2024-12-07,California,Stanford,81,89
2024-12-07,Miami (FL),Clemson,55,65
2024-12-07,NC State,Florida State,84,74
2024-12-07,North Carolina,Georgia Tech,68,65
2024-12-07,Notre Dame,Syracuse,69,64
2024-12-07,Southern Methodist,Virginia,63,51
2024-12-07,Virginia Tech,Pittsburgh,59,64
2024-12-07,Wake Forest,Boston College,72,66
2024-12-08,Louisville,Duke,65,76
2024-12-21,Boston College,Southern Methodist,77,103
2024-12-21,Clemson,Wake Forest,73,62
2024-12-21,Florida State,Louisville,76,90
2024-12-21,Georgia Tech,Duke,56,82
2024-12-31,Duke,Virginia Tech,88,65
2024-12-31,Georgia Tech,Notre Dame,86,75
2024-12-31,Syracuse,Wake Forest,71,81
2024-12-31,Virginia,NC State,70,67
2025-01-01,Louisville,North Carolina,83,70
2025-01-01,Pittsburgh,California,86,74
2025-01-01,Boston College,Miami (FL),78,68
2025-01-01,Clemson,Stanford,85,71
2025-01-04,Clemson,California,80,68
2025-01-04,Florida State,Syracuse,90,74
2025-01-04,Georgia Tech,Boston College,85,64
2025-01-04,Notre Dame,North Carolina,73,74
2025-01-04,Pittsburgh,Stanford,83,68
2025-01-04,Southern Methodist,Duke,62,89
2025-01-04,Virginia,Louisville,50,70
2025-01-04,Virginia Tech,Miami (FL),86,85
2025-01-04,Wake Forest,NC State,77,59
2025-01-07,Syracuse,Georgia Tech,62,55
2025-01-07,North Carolina,Southern Methodist,82,67
2025-01-07,Duke,Pittsburgh,76,47
2025-01-07,Louisville,Clemson,74,64
2025-01-08,California,Virginia,75,61
2025-01-08,Miami (FL),Florida State,65,80
2025-01-08,NC State,Notre Dame,66,65
2025-01-08,Stanford,Virginia Tech,70,59
2025-01-11,NC State,North Carolina,61,63
2025-01-11,Stanford,Virginia,88,65
2025-01-11,Pittsburgh,Louisville,78,82
2025-01-11,Miami (FL),Wake Forest,78,88
2025-01-11,Southern Methodist,Georgia Tech,93,71
2025-01-11,Clemson,Florida State,77,57
2025-01-11,California,Virginia Tech,68,71
2025-01-11,Duke,Notre Dame,86,78
2025-01-11,Boston College,Syracuse,71,79
2025-01-13,Notre Dame,Boston College,78,60
2025-01-14,Duke,Miami (FL),89,54
2025-01-14,Georgia Tech,Clemson,59,70
2025-01-14,Syracuse,Louisville,61,85
2025-01-15,Wake Forest,Stanford,80,67
2025-01-15,Virginia,Southern Methodist,52,54
2025-01-15,Virginia Tech,NC State,79,76
2025-01-15,Florida State,Pittsburgh,82,70
2025-01-15,North Carolina,California,79,53
2025-01-18,Virginia Tech,Wake Forest,63,72
2025-01-18,Boston College,Duke,63,88
2025-01-18,Florida State,Georgia Tech,91,78
2025-01-18,Louisville,Virginia,81,67
2025-01-18,Miami (FL),Southern Methodist,74,117
2025-01-18,NC State,California,62,65
2025-01-18,North Carolina,Stanford,71,72
2025-01-18,Pittsburgh,Clemson,75,78
2025-01-18,Syracuse,Notre Dame,77,69
2025-01-21,Virginia,Boston College,74,56
2025-01-21,Wake Forest,North Carolina,67,66
2025-01-21,Southern Methodist,Louisville,73,98
2025-01-22,California,Florida State,77,68
2025-01-22,Clemson,Syracuse,86,72
2025-01-22,Georgia Tech,Virginia Tech,71,64
2025-01-22,Stanford,Miami (FL),88,51
2025-01-25,Wake Forest,Duke,56,63
2025-01-25,Virginia Tech,Clemson,57,72
2025-01-25,Syracuse,Pittsburgh,73,77
2025-01-25,Virginia,Notre Dame,59,74
2025-01-25,North Carolina,Boston College,102,96
2025-01-25,NC State,Southern Methodist,57,63
2025-01-25,California,Miami (FL),98,94
2025-01-25,Stanford,Florida State,78,71
2025-01-27,Duke,NC State,74,64
2025-01-28,Louisville,Wake Forest,72,59
2025-01-28,Notre Dame,Georgia Tech,71,68
2025-01-28,Pittsburgh,North Carolina,73,65
2025-01-29,Stanford,Syracuse,70,61
2025-01-29,Florida State,Virginia Tech,66,76
2025-01-29,Miami (FL),Virginia,71,82
2025-01-29,Southern Methodist,California,76,65
2025-02-01,Virginia,Virginia Tech,74,75
2025-02-01,NC State,Clemson,58,68
2025-02-01,Wake Forest,Pittsburgh,76,74
2025-02-01,Miami (FL),Notre Dame,63,57
2025-02-01,Southern Methodist,Stanford,85,61
2025-02-01,Duke,North Carolina,87,70
2025-02-01,Georgia Tech,Louisville,77,70
2025-02-01,California,Syracuse,66,75
2025-02-01,Boston College,Florida State,77,76
2025-02-03,Pittsburgh,Virginia,57,73
2025-02-04,Clemson,Georgia Tech,86,89
2025-02-04,Florida State,Notre Dame,67,60
2025-02-05,Virginia Tech,Southern Methodist,75,81
2025-02-05,Stanford,Wake Forest,73,79
2025-02-05,Syracuse,Duke,54,83
2025-02-05,Boston College,Louisville,58,84
2025-02-05,California,NC State,74,62
2025-02-08,Virginia,Georgia Tech,75,61
2025-02-08,California,Wake Forest,66,76
2025-02-08,Clemson,Duke,77,71
2025-02-08,Louisville,Miami (FL),88,78
2025-02-08,North Carolina,Pittsburgh,67,66
2025-02-08,Notre Dame,Virginia Tech,63,65
2025-02-08,Stanford,NC State,74,73
2025-02-08,Syracuse,Boston College,95,86
2025-02-10,Clemson,North Carolina,85,65
2025-02-11,Southern Methodist,Pittsburgh,83,63
2025-02-11,Miami (FL),Syracuse,91,84
2025-02-12,Boston College,Notre Dame,94,97
2025-02-12,Duke,California,78,57
2025-02-12,Georgia Tech,Stanford,60,52
2025-02-12,NC State,Louisville,66,91
2025-02-12,Wake Forest,Florida State,70,72
2025-02-15,Southern Methodist,Wake Forest,66,77
2025-02-15,Virginia Tech,Virginia,70,73
2025-02-15,Syracuse,North Carolina,82,88
2025-02-15,Pittsburgh,Miami (FL),74,65
2025-02-15,Georgia Tech,California,90,88
2025-02-15,Florida State,Clemson,46,72
2025-02-15,Duke,Stanford,106,70
2025-02-15,NC State,Boston College,70,62
2025-02-16,Notre Dame,Louisville,60,75
2025-02-17,Virginia,Duke,62,80
2025-02-18,Boston College,Virginia Tech,54,36
2025-02-18,Pittsburgh,Syracuse,80,69
2025-02-19,North Carolina,NC State,97,73
2025-02-19,Florida State,Miami (FL),74,66
2025-02-19,Notre Dame,Southern Methodist,73,97
2025-02-22,Stanford,California,66,61
2025-02-22,Southern Methodist,Clemson,69,79
2025-02-22,North Carolina,Virginia,81,66
2025-02-22,Notre Dame,Pittsburgh,76,72
2025-02-22,Miami (FL),Virginia Tech,68,81
2025-02-22,Boston College,Georgia Tech,69,54
2025-02-22,NC State,Wake Forest,85,73
2025-02-22,Louisville,Florida State,89,81
2025-02-24,Florida State,North Carolina,85,96
2025-02-25,Miami (FL),Duke,60,97
2025-02-25,Pittsburgh,Georgia Tech,67,73
2025-02-25,Virginia Tech,Louisville,66,71
2025-02-26,Syracuse,NC State,74,60
2025-02-26,California,Southern Methodist,77,81
2025-02-26,Clemson,Notre Dame,83,68
2025-02-26,Stanford,Boston College,78,60
2025-02-26,Wake Forest,Virginia,75,83
2025-03-01,Wake Forest,Notre Dame,74,71
2025-03-01,Virginia Tech,Syracuse,101,95
2025-03-01,Virginia,Clemson,58,71
2025-03-01,Stanford,Southern Methodist,73,68
2025-03-01,California,Boston College,82,71
2025-03-01,Louisville,Pittsburgh,79,68
2025-03-01,Georgia Tech,NC State,87,62
2025-03-01,Duke,Florida State,100,65
2025-03-01,North Carolina,Miami (FL),92,73
2025-03-03,Duke,Wake Forest,93,60
2025-03-04,Virginia Tech,North Carolina,59,91
2025-03-04,Virginia,Florida State,60,57
2025-03-04,Georgia Tech,Miami (FL),89,74
2025-03-04,Southern Methodist,Syracuse,77,75
2025-03-05,Boston College,Clemson,69,78
2025-03-05,Louisville,California,85,68
2025-03-05,NC State,Pittsburgh,71,63
2025-03-05,Notre Dame,Stanford,56,54
2025-03-08,Wake Forest,Georgia Tech,69,43
2025-03-08,Syracuse,Virginia,84,70
2025-03-08,Notre Dame,California,112,110
2025-03-08,North Carolina,Duke,69,82
2025-03-08,Pittsburgh,Boston College,93,67
2025-03-08,Louisville,Stanford,68,48
2025-03-08,Florida State,Southern Methodist,76,69
2025-03-08,Clemson,Virginia Tech,65,47
2025-03-08,Miami (FL),NC State,72,70
2025-03-11,Florida State,Syracuse,62,66
2025-03-11,Notre Dame,Pittsburgh,55,54
2025-03-11,Virginia Tech,California,73,82
2025-03-12,Georgia Tech,Virginia,66,60
2025-03-12,North Carolina,Notre Dame,76,56
2025-03-12,Southern Methodist,Syracuse,73,53
2025-03-12,Stanford,California,78,73
2025-03-13,Louisville,Stanford,75,73
2025-03-13,Clemson,Southern Methodist,57,54
2025-03-13,Duke,Georgia Tech,78,70
2025-03-13,Wake Forest,North Carolina,59,68
2025-03-14,Louisville,Clemson,76,73
2025-03-14,Duke,North Carolina,74,71
2025-03-15,Duke,Louisville,73,62
